atom_pair,epsilon,sigma
CG_HC,0.04716,2.36920
CG_C1,0.04716,2.15425
CG_CW,0.28875,2.78329
CG_NA,0.33773,3.34815
