atom_pair,epsilon,sigma
CG_HC,0.05497,2.58984
CG_C1,0.07112,2.80208
CG_CW,0.25868,2.93955
CG_NA,0.32815,3.11895
