atom_pair,epsilon,sigma
CG_HC,0.05422,2.58974
CG_C1,0.11253,3.05466
CG_CW,0.27388,2.96211
CG_NA,0.27483,3.23165
