atom_pair,epsilon,sigma
CG_HC,0.04441,2.36972
CG_C1,0.04441,2.00000
CG_CW,0.28875,2.51946
CG_NA,0.28875,3.43490
