atom_pair,epsilon,sigma
CG_HC,0.05104,2.61488
CG_C1,0.06691,3.33082
CG_CW,0.23713,3.12634
CG_NA,0.27988,3.19956
