atom_pair,epsilon,sigma
CG_HC,0.05996,2.58560
CG_C1,0.06763,3.70753
CG_CW,0.14584,2.96743
CG_NA,0.30814,3.01059
