atom_pair,epsilon,sigma
CG_HC,0.04981,2.61262
CG_C1,0.15561,3.26798
CG_CW,0.27846,3.05121
CG_NA,0.27997,3.19983
