atom_pair,epsilon,sigma
CG_HC,0.05815,2.60900
CG_C1,0.06964,3.57027
CG_CW,0.16724,3.01103
CG_NA,0.28001,3.19990
